title,jobDescrib,companyName,companyIndustry,companyType,companyScal,companyTage,companyLocation,jobUrl
线上翻译运营（  全球数据推广）, 职位名称：线上翻译运营（ 02全球数据推广） 02 工作内容： 1、维护蓝船已入驻全球1000家数据推广公司社区的资讯内容更新。 2、善于捕捉1000家数据推广公司的热点、平台操作新玩法、数据报告、平台新政策、案例分析等。 3、定期邀请数据推广公司的官方人员进行社区的线上下主题分享活动。 4、寻找全球新数据推广公司的入驻以及邀请。 02 职位要求： 1、对海外数字营销推广&大数据知识有基础的了解。 2、业余或碎片化时间充足 3、有公众号排版或运营经验，团队协作能力强 4、适当优秀的英文水平，经常翻墙搜寻内容。 5、一周工作3天，无固定时间，按照规则，自己分配时间。 6、无薪资，必须实习3个月以上才提供实习证明，请认真查看这条。 02 提示： 此实习工作适合以下同学投递 1、有耐心，乐于沟通、团队协作能力强 2、希望开阔视野 3、对大数据&数字效果营销行业感兴趣的同学。 4、对出海行业有好奇心。 02 02 蓝船出海介绍 蓝船出海（Blue Boat Global），一个专注于（物）互联网属性公司拓展海外市场的B2B出海服务社区，致力于成为企业拓展海外市场的B2B出海服务平台。 02 蓝船确实不大，希望谨慎投递，在中国经济寒冬的几年里，也许这里是你开拓视野的地方，不做旁观者，真诚邀请真诚的你来参与创造！ ,蓝船出海,互联网 游戏 软件,"民营企业
",15-50人, 学到知识 能学习 发展前景好 收获成长 创业创投 全球化 小语种 出国 跨国 线上实习 ,上海市/上海,https://www.shixiseng.com/intern/inn_ojgwqqowjxk4?pcm=pc_SearchList
大智路-初级技术员," 技术类：实习生<初级技术员>(3000) 岗位职责（以下技能你将在实习期间边工作边学习、掌握）： 1、公司软件的学习、维护； 2、软件的安装、培训，维护文档的整理、归类； 3、参与编写SQL脚本，通过开发平台挂接系统相关模块及报表； 4、参与对公司开发系统内BUG的修改工作； 5、软件需求的编写、界面设计、模块测试、代码检查； 6、PS、墨刀、PostMen、前端设计工具的使用； 7、web、IOS、android程序打包、发布； 8、JS、PAS、GO等脚本的编写； 9、软件实施、培训、验收工作； 10、配合、协助参入公司其它部门的相关工作； 11、其它技术性、非技术性文档的整理、归档。 任职资格： 02 02 1、男女不限，年龄18-24岁之间； 02 02 2、为人踏实、不浮躁、阳光、积极、主动、上进心强；02 02 02 3、高中及以上学历，掌握SQL SERVER或一种以上编程语言者优先； 02 02 4、学习能力强，有良好的逻辑思维能力和沟通能力； 02 02 5、做人做事有始有终，认真对待工作者。 工作时间： 02 02 周一至周六，其他国假与国家完全同步； 02 02 上午8：30~11：45，下午13：30~17：30 实习周期： 02 02 6--12个月 公司地址: 02 02 武汉市江岸区车站路金源世界中心A座1803 特别说明：本公司是2008年成立的正规软件公司，本公司直招实习生，不收取任何费用，不扣压任何证件，按时足额发放实习工资。***************************************************************************** 实习工资:0202 02 02 02 021600(基本)+200(全勤)+(住房初帖200)+100(学习补贴)+500(社保补贴)=2600元，第四个月工资再增加200元岗位补贴(即总工资2800元),第七个月再增加200元岗位补贴(即总工资3000元)。 ",世纪易软,互联网 游戏 软件,"民营企业
",15-50人, 竞争力薪酬 管理灵活 氛围轻松 培养新人 ,武汉,https://www.shixiseng.com/intern/inn_rpzcxqhkbt5r?pcm=pc_SearchList
销售代表, 主要职责： 1.负责在制定区域内的销售工作，完成公司制定的销售指标。 2.与客户建・立良好关系，保持公司良好良好形象。 3.负责售后流程的处理，给客户满意的服务体验 任职资格： 1.个人品质佳，能吃苦耐劳，接受996 ；适应能力强，有一定抗压能力。 2.有较强的语言表达，沟通协调和学习创新能力。 3. 全日制统招大专及以上学历，有销售经验者优先考虑 【你将获得】 底薪6400，统招本科；底薪5800，统招大专；奖金比例55%-80% ,乐有家,互联网 游戏 软件,"民营企业
",2000人以上, 大学生 同事人品好 年轻简单 毕业生接收 内部福利 大公司平台 成长快 条件好 五险、弹性工作，双休、奖金 有平台有机会 ,深圳,https://www.shixiseng.com/intern/inn_zzhajnns8mpj?pcm=pc_SearchList
BI实施顾问," 一、工作职责 1.熟练掌握公司产品(BI产品)及软件操作，完成数据分析产品的部署、调试及开发实施工作，为客户提供服务；02 2.依据客户业务流程和场景、分析业务需求，提供针对性的技术解决方案并加以实现；02 3.具备基本的项目管理素质，能够有计划的独立承担起整个项目从启动，需求，设计，实施，测试到交付的全过程；02 4.实施过程中，通过培训引导措施，提高客户对产品的使用深度；02 5.实施中发现问题、挖掘新需求，促进产品性能改进；02 6.根据项目推进进度，撰写相关技术文档和项目过程文档。 二、能力要求 1.强烈的学习欲望，善于独立思考；02020202020202020202020202020202020202020202 2.对于BI有一定的认识；0202020202 3.良好逻辑思维能力和理解力；0202020202 4.良好的团队合作意识、优秀的执行力；02020202020202020202020202020202020202020202 5.良好的团队内外部沟通协调能力；02020202020202020202020202020202020202020202 6.良好的归纳总结能力，工作条理清晰，有计划性；0202020202 7.良好的文档撰写能力，能够撰写各类实施和技术类文档。02 三、任职要求 1.计算机相关专业，专科及以上学历；0202020202 2.必须具备必要的专业技能：熟练掌握数据库（Mysql、Sqlsever、Oracle）的基本操作，精通数据库sql语句,具有扎实的实际操作功底；0202020202 3.了解软件项目管理流程，具备一定的管理知识；0202020202 4.有独立担当项目经理的能力，具备独立的现场实施、协调、维护和沟通的能力，为人务实，责任心强；0202020202 5.具有数据分析，数据挖掘相关工作经验加分；0202020202 6.懂数据分析，有较强的数据敏感度、逻辑分的能力，析能力；0202020202 7.获得PMP认证有加分，有公安行业业务经验者优先； ",海致,互联网 游戏 软件,"民营企业
",150-500人, ,北京,https://www.shixiseng.com/intern/inn_yugc9w79rh7p?pcm=pc_SearchList
实施实习生, 岗位职责：02020202020202020202020202020202020202020202020202020202020202 1.项目中完成数据分析产品的部署、调试及投入使用；020202020202020202020202020202020202 2.依据业务场景、分析需求提供技术解决方案并加以实现；020202020202020202020202020202020202 3.撰写相关技术文档与说明，协助业务组实现数据初始化及系统对接；02020202020202020202020202020202020202020202 4.系统事件、性能等问题的记录、反馈与防控机制建立； 5.负责大数据平台的部署和维护。 岗位要求： 1、2020年应届毕业生，本科及以上学历，计算机相关专业； 2、热爱计算机科学和互联网技术，熟悉使用至少一门编程语言，包括但不仅限于：Java、C、C++、PHP、 Python； 3、掌握扎实的计算机基础知识 4、有优秀的沟通能力和逻辑分析能力 5、有强烈的求知欲，学习能力强 ,海致,互联网 游戏 软件,"民营企业
",150-500人, ,北京,https://www.shixiseng.com/intern/inn_pdroq2vbkjal?pcm=pc_SearchList
Java开发工程师（大数据） (MJ000016), 此岗位为2020届校招补录岗位 工作职责：1、根据项目需求，参与技术方案设计及编码工作，按时保质完成项目交付； 2、参与数据平台部大数据处理工作，负责数据采集、传输、计算、分析、存储等工作； 3、参与大数据量、高并发数据服务平台建设，提供稳定可靠的数据服务； 4、参与现有系统改造优化，沉淀工具及平台，提升系统可用性，降低开发维护成本。 任职资格：1、本科或以上学历，计算机相关专业； 2、熟悉Java体系，理解JVM原理、熟悉IO、多线程、集合等基础框架，熟悉数据结构算法基础知识； 3、了解互联网业务场景及Web应用相关技术； 4、了解主流开源应用框架，如Spring、SpringMVC、MyBatis、SpringBoot、Docker、Dubbo等开发技术； 5、熟悉大数据开源框架者优先，如Hadoop、Hive、HBase、Spark、Storm、ElasticSearch、Zookeeper、Kafka等。 ,斗鱼,互联网 游戏 软件,"民营企业
",500-2000人, 餐费补贴 弹性工时 水果零食 五险一金 专业培训 晋升空间 发展平台 有大牛 多种专业培训 每年体检 ,武汉,https://www.shixiseng.com/intern/inn_bcttjizbob1o?pcm=pc_SearchList
ABS数据编辑实习生, 职责描述： 1.02负责资产证券化业务（ABS）的数据收集、整理、校验、录入； 2.02根据数据规划的要求，对各类报告信息素材进行收集整理； 3.02对所收集的数据进行组内数据质量交叉检验； 任职要求： 1.本科学历，2020年或2021年应届毕业生，经济、金融等财经类相关专业； 2.实习期3-6个月，每周工作日5天；（必须项） 3.有责任感，细心，谦逊，执行力强，有一定抗压能力。 ,中证信用,企业服务 咨询,"股份制企业
",500-2000人, ,深圳,https://www.shixiseng.com/intern/inn_jpx73uawsjop?pcm=pc_SearchList
Python数据分析师, 我们希望你： 1、擅长数据统计分析，有一定的空余时间 2、熟练使用Python及相关数据分析、统计模型和方法 3、愿意用专业的数据分析技能与经验帮助他人 4、积极参与到准雀的各个数据分析项目中进行 你将获得： 1、用业余碎片化时间赚取丰厚佣金（部分分析师兼职佣金已超过本职工作月薪） 2、收获数据同学们的赞许、感谢和好评 ,准雀Accunique,企业服务 咨询,"民营企业
",150-500人, 数据分析服务 数学建模辅导 有竞争力薪资 广阔的学习空间 ,上海市/上海,https://www.shixiseng.com/intern/inn_fr1o1nii5knw?pcm=pc_SearchList
研发助理," 岗位职责（以下技能你将在实习期间边工作边学习、掌握）： 1、公司软件的学习、维护； 2、软件的安装、培训，维护文档的整理、归类； 3、参与编写SQL脚本，通过开发平台挂接系统相关模块及报表； 4、参与对公司开发系统内BUG的修改工作； 5、软件需求的编写、界面设计、模块测试、代码检查； 6、PS、墨刀、PostMen、前端设计工具的使用； 7、web、IOS、android程序打包、发布； 8、JS、PAS、GO等脚本的编写； 9、软件实施、培训、验收工作； 10、配合、协助参入公司其它部门的相关工作； 11、其它技术性、非技术性文档的整理、归档。 任职资格： 02 02 1、男女不限，年龄18-24岁之间； 02 02 2、为人踏实、不浮躁、阳光、积极、主动、上进心强；02 02 02 3、高中及以上学历，掌握SQL SERVER或一种以上编程语言者优先； 02 02 4、学习能力强，有良好的逻辑思维能力和沟通能力； 02 02 5、做人做事有始有终，认真对待工作者。 工作时间： 02 02 周一至周六，其他国假与国家完全同步； 02 02 上午8：30~11：45，下午13：30~17：30 实习周期： 02 02 6--12个月 公司地址: 02 02 武汉市江岸区车站路金源世界中心A座1803 特别说明：本公司是2008年成立的正规软件公司，本公司直招实习生，不收取任何费用，不扣压任何证件，按时足额发放实习工资。***************************************************************************** 实习工资:0202 02 02 02 021600(基本)+200(全勤)+(住房初帖200)+100(学习补贴)+500(社保补贴)=2600元，第四个月工资再增加200元岗位补贴(即总工资2800元),第七个月再增加200元岗位补贴(即总工资3000元)。 ",世纪易软,互联网 游戏 软件,"民营企业
",15-50人, 竞争力薪酬 管理灵活 氛围轻松 培养新人 ,武汉,https://www.shixiseng.com/intern/inn_uhxfohl6tdso?pcm=pc_SearchList
算法实习生（数据） (MJ000019), 1、利用传统机器学习、深度学习等技术，改进斗鱼直播平台的内容推荐，优化数亿用户的使用体验； 2、利用自然语言处理、机器学习等技术，优化斗鱼平台的搜索功能，改善用户搜索体验； 3、利用机器学习、图计算等技术，优化斗鱼平台的风控体系，识别作弊用户，优化正常用户使用体验； 4、分析基础数据，基于算法挖掘用户、主播的标签、偏好、价值等信息，分析用户商业意图，挖掘流量潜在商业价值，提升流量变现。 任职要求: 本岗位为2021届实习岗位，实习2个月以上有留用机会。 1、计算机、数学、自然语言处理、机器学习及相关专业本科及以上学历； 2、热爱计算机科学和互联网技术，对人工智能类产品有浓厚兴趣； 3、具备强悍的编码能力，熟悉Python/java/scala与Linux开发者优先； 4、有扎实的数据结构和算法功底，熟悉信息检索/数据挖掘/机器学习/推荐/NLP算法/知识图谱中一项或者多项； 5、对文本挖掘、推荐系统、风控系统、计算广告、搜索引擎、知识图谱有相关经验者优先； 6、独立分析问题和良好的团队沟通能力，对解决具有挑战性问题充满激情者优先。 ,斗鱼,互联网 游戏 软件,"民营企业
",500-2000人, 餐费补贴 弹性工时 水果零食 五险一金 专业培训 晋升空间 发展平台 有大牛 多种专业培训 每年体检 ,武汉,https://www.shixiseng.com/intern/inn_ikuwnjrakcou?pcm=pc_SearchList
Java开发实习生（大数据） (MJ000018), 1、根据项目需求，参与技术方案设计及编码工作，按时保质完成项目交付； 2、参与数据平台部大数据处理工作，负责数据采集、传输、计算、分析、存储等工作； 3、参与大数据量、高并发数据服务平台建设，提供稳定可靠的数据服务； 4、参与现有系统改造优化，沉淀工具及平台，提升系统可用性，降低开发维护成本。 任职要求: 本岗位为2021届实习岗位，实习2个月以上有留用机会。 1、本科或以上学历，计算机相关专业； 2、熟悉Java体系，理解JVM原理、熟悉IO、多线程、集合等基础框架，熟悉数据结构算法基础知识； 3、了解互联网业务场景及Web应用相关技术； 4、了解主流开源应用框架，如Spring、SpringMVC、MyBatis、SpringBoot、Docker、Dubbo等开发技术； 5、熟悉大数据开源框架者优先，如Hadoop、Hive、HBase、Spark、Storm、ElasticSearch、Zookeeper、Kafka等。 ,斗鱼,互联网 游戏 软件,"民营企业
",500-2000人, 餐费补贴 弹性工时 水果零食 五险一金 专业培训 晋升空间 发展平台 有大牛 多种专业培训 每年体检 ,武汉,https://www.shixiseng.com/intern/inn_qxncsl9uenfx?pcm=pc_SearchList
数据测试工程师（实习生）," 岗位职责： 确保爬取数据的质量，包括检查数据的时效性，规范性和完整性，出具测试报告。 任职要求： 1.020202 计算机相关专业大学本科及以上学历； 2.020202 学习分析能力强，踏实细心认真； 3.020202 了解Oracle, MySQL等主流数据库，有基本的SQL编写技能； 4.020202 良好的沟通理解能力，积极上进； 5.020202 熟悉Excel，有数据相关产品测试经验者优先。 ",中证信用,企业服务 咨询,"股份制企业
",500-2000人, ,深圳,https://www.shixiseng.com/intern/inn_ndr9i63qjyuj?pcm=pc_SearchList
数据挖掘实习生 (MJ000020), 1、通过数据分析、数据挖掘等方法，为平台各分区运营及产品优化提供量化的运营支持和有效建议； 2、研究用户行为和观看消费习惯，为产品优化和运营决策提供数据支持，如用户画像、用户行为轨迹研究及预测等； 3、沉淀分析思路和框架，提炼规划相关数据产品，并推动数据产品的落地及实施； 4、根据不同场景，设计指标体系和数据采集方案，及时监控发现异常，分析原因并提供建议和解决方案。 5、跟进模型的部署及效果反馈，进行迭代优化；对产出的分析报告建议和策略及时跟进，并推动落地。 任职要求: 本岗位为2021届实习岗位，实习2个月以上有留用机会。 1、统计学、数学或计算机等相关专业本科及以上学历； 2、熟悉相关挖掘算法，掌握主流数据分析方法； 3、熟悉SQL语句，熟练使用Excel，PPT等；掌握Python、R等相关分析软件优先； 4、具备严谨的逻辑思维能力，较强的动手实现能力，良好的沟通、团队协作能力； 5、对未知领域有强烈好奇心，乐于尝试新鲜事务，对数据敏感，喜欢从数据中发现规律，解决问题。 ,斗鱼,互联网 游戏 软件,"民营企业
",500-2000人, 餐费补贴 弹性工时 水果零食 五险一金 专业培训 晋升空间 发展平台 有大牛 多种专业培训 每年体检 ,武汉,https://www.shixiseng.com/intern/inn_g7gr2ccsgitt?pcm=pc_SearchList
数据分析产品经理实习生, 岗位职责: 1、负责一条业务线或多个业务模块的数据分析、数据产品、数据挖掘等工作，包括且不限于数据分析、产品规划、业务沟通、沉淀分析思路与框架，寻找数据驱动业务的最大价值点，形成数据产品解决方案； 2、融入对应业务团队闭环合作，根据对业务的理解，负责对应业务指标体系设计&优化、诊断分析、决策支持、数据化运营等； 3、独立完成价值判断、业务规划、prd以及推动项目落地拿到结果； 4、整体规划业务的数据分析产品，通过灵活可扩展的数据仪表、可视化的数据看板，用产品及数据能力支撑一线员工进行针对性的数据； 任职要求: 1、计算机、数学相关专业，985院校三年级学生优先，每天至少可投入2小时工作时间，完成导师指定工作&semi 2、具备良好的数据敏感度、业务视野、调研分析能力及深度思考能力，能够敏锐的捕获用户需求，提供相匹配的数据产品； 3、熟悉数据采集及集成、数据仓库、数据集市，对数据生产流程、数据资产管理以及数据库有深入理解； 4、有良好的沟通能力，善于合作、能够跨部门/团队跟合作团队达成一致目标拿到结果； 5、有批判性思维，接受不同意见帮助自己和团队共同成长；02 6、熟练使用 Axure 等产品设计工具及S Q L 语言等数据分析工具。 7、为人自信、乐观向上、主动性强、积极性高、执行力高、富有团队精神与创新精神，较强的自我学习能力； 8、对互联网/电子商务H5、小程序、APP跨平台软件开发项目有浓厚兴趣； 关键字：MySQL、Java、Python、R 部门：产品研发中心 汇报对象：组长 团队用人风格： 为人自信、乐观向上、主动性强、积极性高、执行力高、富有团队精神与创新精神、较强的自我学习能力，吃苦耐劳 过往最好具备哪些项目经验： 互联网、电子商务、微信小程序、APP项目开发经验 ,滴滴优点,互联网 游戏 软件,"民营企业
",50-150人, 在校生 ,深圳,https://www.shixiseng.com/intern/inn_rwjpa63kwokg?pcm=pc_SearchList
数据可视化小能手, 数据可视化小能手 具体任务：挖掘和渔业有关的国内外数据，熟练运用excel、Tableau等工具分析数据、呈现数据，比如：《图说渔业》、《数说渔业》 获能技能：国际视野、故事力、创造力、协作能力、表达能力 除了获得以上进阶版的技能，你还将获得： 02 1、志愿者或者实习证明，表现优异者可留用或推荐给相关单位。 2、与国内外海洋及渔业各利益相关方打交道，接触真实而复杂的行业环境。 3、有机会加入一个灵活创新、温馨有爱、每个人都有机会发挥潜能的团队。 4、获得有多年国际NGO项目经验的主管直接指导，参与内部分享会，快速提升个人素养。 5、参加各种公益培训和活动，结识众多公益/环保领域领军人物，极大的地拓展你的人脉和视野。 6、智渔好看又实用的周边（例如：最酷的可持续渔业T恤、手提袋、明信片、抱枕、冰箱贴、台历、笔记本.......） ,智渔,企业服务 咨询,"中外合资企业
",15-50人, 知名企业 充足零食预算 职场社交平台 中西合璧 福利待遇好 团队好 ,全国,https://www.shixiseng.com/intern/inn_qssvjttnutfr?pcm=pc_SearchList
数据采集实习生, 职责描述： 1. 负责财务和非财务数据的收集、整理、校验、录入； 2. 根据数据规划的要求，对各类报告信息素材进行收集整理； 3. 对所收集的数据进行组内数据质量交叉检验； 任职要求： 1.本科学历，2021年应届毕业生，会计、金融等财经类相关专业； 2.实习期3-6个月，每周工作日5天；（必须项） 3.现阶段由于湖北地区疫情影响，改为线上面试，录用后安排线上培训，需自备电脑进行居家办公。待疫情结束后，返回公司现场办公，配备办公电脑。（公司地址：武汉市洪山区徐东大街191号金禾中心大厦19楼） 4.为人踏实、勤勉，具备团队合作精神，责任心强，有一定抗压能力。 ,中证信用,企业服务 咨询,"股份制企业
",500-2000人, ,深圳,https://www.shixiseng.com/intern/inn_zapffxtj5d69?pcm=pc_SearchList
数据分析实习生, 岗位职责： 1、 整理每日、周、月监控的数据：流量数据、营销数据、交易数据、产品管理客户管理； 2、 从日常数据中发现店铺运营问题，并能提出相应解决方案； 3、 收集行业及竞品动态，挖掘我品潜在的市场机会； 4、 协助处理电商产品月度需求量，发现需求偏差问题产生原因，并提出独到的见解，为公司开源节流； 任职要求： 1、具备较强的团队合作意识、 工作责任心强、良好的表达能力； 2、思路清晰，有一定的抗压能力； 3、富有创新精神，乐于接受挑战，热衷于分析、 研究各种商业行为； 4、熟练操作OFFICE软件，会excel 基本函数处理。 5、 经济学、电子商务、营销相关专业优先。 福利待遇： 1. 双休、节假日休息； 2. 实习生工资标准：2000-2500元/月； 3. 提供住宿； 4.02实习生入职即购买商业保险，可开具实习证明。 ,丝宝集团,互联网 游戏 软件,"股份制企业
",500-2000人, 活跃的氛围 生日节日福利 赚钱多成长快 靠谱团队 电子商务 月度生日会 团建培训 生日会下午茶 地铁站旁边 宿舍 ,武汉,https://www.shixiseng.com/intern/inn_owimhgr1soyu?pcm=pc_SearchList
英语用户数据整理人员, 岗位职责： 1、用户数据导出整理 2、其他安排的工作 岗位要求： 1、英语六级以上最好 2、对数据敏感 3、聪明灵活，愿意学习新知识 待遇：100一天，也可按小时结算 ,人人网,互联网 游戏 软件,"民营企业
",2000人以上, 可留用 奖励多样 福利待遇好 正式员工名额 优秀导师 团队出游 乐趣多多 管理规范 轻松自由 学到东西 ,武汉,https://www.shixiseng.com/intern/inn_4e39ymizhxed?pcm=pc_SearchList
软件开发人员, 1、 计算机及相关专业本科及研究生 2、 熟练掌握J2EE架构，Java和JSP编程，熟悉Struct+Spring+Hibernate 3、 熟悉数据库以及SQL语言 4、 有WEB开发实际运用经验优先 ,Teradata天睿信科,企业服务 咨询,"民营企业
",500-2000人, 法定医社保 双导制 晋升机会多 学习和晋升 发展迅速，空间大 ,北京,https://www.shixiseng.com/intern/inn_4qnu8stqlafa?pcm=pc_SearchList
数据维护实习生, 职位描述：02 1、为“车来了”实时公交软件提供后台数据支持；02 2、采集产品相关数据，按照既定标准对数据进行编辑加工；对某些特定的数据进行整理及统计；02 3、将数据录入数据库，并根据业务动态进行持续的更新及维护；02 4、对数据维护工作产生的相关文档进行规范的分类存储及管理；02 任职资格：02 1、大专及以上学历，理工科背景； 2、工作踏实勤奋，认真细致，理解力强； 3、良好的团队合作意识； 4、具有较强的逻辑思维能力； ,车来了,互联网 游戏 软件,"民营企业
",150-500人, 环境保护 活动多 气氛浓厚 水果咖啡 ,,https://www.shixiseng.com/intern/inn_alsitdscrumf?pcm=pc_SearchList
数据抓取及处理实习生," 全球三大联合国国际组织官方青年发展项目之一―― 联合国青年人才培养计划（UNYTP）中国区组委会-数据抓取及处理 岗位方向： 技术――数据抓取及处理02 岗位描述： 1. 参与新建国际游学平台的全球内容接入，通过算法智能解析各语种页面结构，自适应提取页面关键信息负责商业化相关的数据抓取和清洗工作； 2. 推进抓取架构的完善，不断提升系统的准确性、实时性； 3. 监控客户舆情及竞品投放情况。 岗位要求： 1.02 大学本科三年级（含三年级，须同时满21周岁）以上在校学生，研究生优先； 2. 有扎实的算法和数据结构能力，强悍的编码能力； 3. 熟悉爬虫基本原理，熟悉常见的反爬虫技术，有爬虫相关项目开发经验者优先； 4. 熟悉http协议，熟悉html、xpath等常见的数据抽取技术。 5.熟悉Linux环境，熟悉至少一门高级语言：Python/C++/Java 实习待遇及收获： 1.非凡经历――有机会作为组委会领队助理亲临纽约/日内瓦联合国总部，收获一段“非卖品”的人生经历； 2.公益背景――亲身推进“联合国可持续发展目标”与“全球公民计划”在中国的落地，助力中国青年登上世界最高舞台发声，关心下一代的发展，为我国战略储备外交人才贡献力量； 3.国际视野――按照联合国相关标准进行工作，收获国际视野，提升工作能力与调性； 4.名校人脉――遇见来自全国著名高校的小伙伴，在友好和谐的团队氛围中建立高质量的友谊； 5.工资待遇――180-300元/日，赴外工作期间按照境外工资标准发放（境内1.5倍）。组委会承担北京-瑞士/美国往返机票、联合国培训项目学费、项目期间酒店住宿、餐饮、交通、国际保险等费用； 6.满足工作要求即有机会获得联合国高级别官员推荐信； 7.满足工作要求可开具《实习证明》。 关于UNYTP项目 “YOUTH TRAINING PROGRAM AT THE UN（UNYTP）”（联合国：青年人才培养计划）是World Federation of United Nations Associations（WFUNA，联合国协会世界联合会，简称世联会）项下的官方青年发展项目，是全球三大联合国国际组织官方青年发展项目之一。旨在100余个成员国中培养、选拔优秀的青年学员代表，分批赴美国纽约或瑞士日内瓦两处联合国总部，进行高强度浸入式训练，并为全球可持续发展目标贡献中国青年的智慧，现有中国、韩国、丹麦、希腊、巴西等10余个国家选拔代表队参加，全球共计已举办超过40期。 UNYTP中国官方称谓为UNYTP：CHINA，已开展11期，中国代表队已走进包含联合国开发计划署、联合国儿童基金会、联合国教科文组织、联合国难民署、国际红十字会、世界贸易组织，以及世界银行与国际货币基金组织等超过20个国际组织，并受到中国、美国、巴西、瑞士、伊朗等10余个国家常驻联合国代表团接见。 关于UNYTP项目中国组委会 2017年起，WFUNA与北京思银国际咨询有限公司（Thinkbank,BTIC）达成全球战略合作伙伴关系，共同组成UNYTP项目在华组委会，进行UNYTP项目在中国的选拔与运营工作。项目目前已在中国成功运营11期，受到来自学员、家长、合作伙伴、媒体朋友的广泛好评。 现诚挚的邀请对全球公益、教育事业、学生工作富有热情的你加入我们 共同推动联合国可持续发展目标与全球公民计划 为世界做出你的贡献！ 联合国青年人才培养计划（中国）组委会 二二年一月 ",UNYTP联合国青年人才培养计划,教育 培训,"民营企业
",少于15人, 赴联合国纽约、日内瓦总部机会 国际公务员职场体验 拓宽国际视野、收获国际人脉 国际标准薪资 各学校精英云集 创业氛围，充分授权，发挥个人能力 温暖有爱的集体 ,北京,https://www.shixiseng.com/intern/inn_jfra6ljkzzwd?pcm=pc_SearchList
视频审核, 【工作内容】对用户上传到网站的视频、图片、评论等内容进行审核，及时删除违反国家 02 法律规定的内容，维护网站的绿色、正常秩序；处理用户对于节目的举报以及其他信息反馈。【任职要求】1、有较强的学习能力，熟记相关规则； 2、具有较强的组织计划能力、协调能力及执行能力，善于团队合作； 3、了解重大新闻事件和新闻背景，对时政内容较敏感； 4、大专及以上学历，工作经验不限，男女不限（可接受应届毕业生） ,繁星数据,互联网 游戏 软件,"民营企业
",15-50人, 人工智能 大数据 ,成都,https://www.shixiseng.com/intern/inn_msbliuomiu3l?pcm=pc_SearchList
人工智能-无人车数据标注员, 【岗位职责】 1.协助项目经理完成AI数据标注、质检工作。 2.协助项目经理完成对数据的采集，拍摄照片，视频等。 2.对数据进行统计，资料总结。 3.完成项目经理交办的其他工作。 【任职要求】 1.理解能力及适应能力强，可快速上手工作。 2.抗压能力强，能够适应工作压力。 3.思维灵活，善于总结。 4.乐观开朗，乐于与人交流。 5.有团队精神，可与团队合作完成工作。 ,繁星数据,互联网 游戏 软件,"民营企业
",15-50人, 人工智能 大数据 ,成都,https://www.shixiseng.com/intern/inn_rglengxfzoe8?pcm=pc_SearchList
人工智能-金融数据训练师, 【岗位职责】 1．理解业务需求，明确标注目标，运用工具对金融文本等数据进行整理和标注； 2．对标注结果进行质量评估，发现关键问题，反馈标注结果，优化标注质量； 3．优化标注工具和方法，完善标注工作流程和规范； 4．与数据工程师等技术人员合作，高效、精准、按期完成各项数据集标注工作。 【任职要求】 1．本科及以上学历； 2．02大学英语四级及以上，阅读能力优秀； 3．02逻辑思维强，能够积极思考和改进数据处理技巧和方法； 4．02专业不限，有财务、金融知识基础优先，对金融大数据行业有兴趣优先。 ,繁星数据,互联网 游戏 软件,"民营企业
",15-50人, 人工智能 大数据 ,成都,https://www.shixiseng.com/intern/inn_k4lg8k5blti7?pcm=pc_SearchList
技术支持工程师（大数据方向）J10937, 工作职责 1.参与部门产品设计与开发； 2.负责相关算法实现； 3.相关技术预研和维护。 任职资格 1.计算机相关专业，大学本科及以上学历； 2.熟练使用Java语言，至少有一门脚本语言基础，编程基本功扎实； 3.熟悉Hadoop、Hbase、Spark、Storm等框架，有使用经验； 4.熟悉机器学习相关算法； 5.具备良好的沟通和协同工作能力。 工作地点 北京、西安。 ,天融信科技集团,互联网 游戏 软件,"民营企业
",2000人以上, 团建&amp;amp;amp;出国游 发展前景 ,北京,https://www.shixiseng.com/intern/inn_pjzmlxtes9mk?pcm=pc_SearchList
数据标注实习生, 一、岗位职责 1.文本、图片、语音、视频等数据采集和数据标注； 2.做过数据标注的优先； 3.能使用python、java写简单的脚本优先。 二、任职要求 1. 计算机及相关专业，大二，大三实习生； 2. 性别不限； 3. 全职实习、时长不少于6个月； 4. 细心、用心、耐心、踏实。 ,武汉TCL研发中心,互联网 游戏 软件,"民营企业
",15-50人, 准时上下班 过节福利 积累创业经验 学习成长空间 ,武汉,https://www.shixiseng.com/intern/inn_bpl8mkoi94nr?pcm=pc_SearchList
英语能力好的大数据实习生, 岗位职责 1、大数据组相关事情处理 2、领导安排的其他事情 3、用户数据处理馆 岗位要求 1、计算机相关专业，对数据敏感 2、本科以上学历，实习时间比较长的优先 3、一周要求实习4天以上，最少实习5个月，能实习半年以上的优先，接收远程实习。 4、英语能作为工作语言 ,人人网,互联网 游戏 软件,"民营企业
",2000人以上, 可留用 奖励多样 福利待遇好 正式员工名额 优秀导师 团队出游 乐趣多多 管理规范 轻松自由 学到东西 ,武汉,https://www.shixiseng.com/intern/inn_jphva5yxccn5?pcm=pc_SearchList
全栈工程师（实习）, 1、2年以上Python编程经验，基本功扎实；良好的编码习惯，代码结构清晰、命名规范、逻辑性强 2、2年以上Python常用web框架（如Django，Flask等）经验，能够根据业务独立设计合理的数据模型 3、2年以上Linux操作系统经验，熟练使用常见操作系统命令 4、熟悉Http协议，了解各种请求方法的区别以及各种状态码的含义 5、有过至少1年以上前端开发经验 6、熟悉mysql数据库 7、加分条件：有Spark经验 8、良好的沟通能力和团队合作精神 任职要求 1、本科及以上学历，计算机相关专业 2、2年以上Python语言开发经验、熟练掌握CSS、有.net framework core更佳 3、Python基础扎实，掌握常见数据结构、算法 4、熟悉Linux开发环境，熟悉Django，mysql等数据库，有数据库优化经验 5、善于思考，逻辑思维能力强，具备良好的沟通能力和团队合作精神 , 思何远方 ,企业服务 咨询,"民营企业
",50-150人, 海外公司 无限发展空间 立即上岗 暑假实习生 工作自由 国际交流 ,上海市/上海,https://www.shixiseng.com/intern/inn_cukcjiahxsfz?pcm=pc_SearchList
数据分析实习生, 工作职责: 1.通过数据分析等方法，协助产出部门内定期数据报告的输出，并监测数据变化趋势，探索异常原因，推动落地； 2.通过访谈，问卷等方式，协助部门内常规基础调研的输出，为运营决策和产品优化提供数据支持。 任职资格: 1.本科及以上学历，21年毕业学生，有数据分析、用户调研、产品经理等岗位经验者优先； 2.熟悉SQL语句，熟练使用Excel，PPT等； 3.对数据敏感，逻辑性强，喜欢并善于从数据中发现规律； 4.具备较强的业务理解能力，能快速理解问题并设计解决方案，有较强的沟通能力、团队协作能力； 5.具有较强学习能力、自我驱动能力、责任感强，认真仔细。 ,斗鱼,互联网 游戏 软件,"民营企业
",500-2000人, 餐费补贴 弹性工时 水果零食 五险一金 专业培训 晋升空间 发展平台 有大牛 多种专业培训 每年体检 ,武汉,https://www.shixiseng.com/intern/inn_we3jkxyb14tg?pcm=pc_SearchList
2020秋招-数据开发工程师, 工作职责1、大数据平台系统环境搭建，大数据应用系统后台数据模型开发； 2、hadoop、hive、hbase、oracle等大数据工具程序代码实现。 任职资格1、熟练掌握主流数据库，Mysql、Oracle、SQL Server等，精通SQL语句； 2、熟悉大数据相关系统开发环境，掌握Hadoop、Hive、 Hbase、Storm、Spark等大数据工具的使用技术； 3、具有全日制普通高等院校本科(含)及以上学历，计算机、软件、数学、统计、通信、自动化、网络工程、信息安全、地理、等相关专业。 ,东方国信,互联网 游戏 软件,"股份制企业
",2000人以上, 学习机会 办公环境好 包工作餐 员工活动多 各种牛人 出差补贴 机器学习 ,北京,https://www.shixiseng.com/intern/inn_bwoezfn5n17g?pcm=pc_SearchList
2020秋招-数据分析挖掘工程师, 工作职责1、进行需求分析、模型设计等工作； 2、基于大数据（或数据仓库）构建数据挖掘模型。 任职资格1、熟练使用建模工具，如SPSS\Clementine\R等； 2、至少熟悉一种数据库的操作oracle/mysql，具有良好的SQL编写与优化能力； 3、思维清晰、有逻辑，学习能力强，具备一定的分析能力； 4、具有全日制普通高等院校本科(含)及以上学历，计算机、软件、数学、统计、通信、自动化、网络工程、信息安全、地理、等相关专业。 ,东方国信,互联网 游戏 软件,"股份制企业
",2000人以上, 学习机会 办公环境好 包工作餐 员工活动多 各种牛人 出差补贴 机器学习 ,北京,https://www.shixiseng.com/intern/inn_qmfgq5xs74vh?pcm=pc_SearchList
2020秋招-数据开发工程师, 工作职责1、大数据平台系统环境搭建，大数据应用系统后台数据模型开发； 2、hadoop、hive、hbase、oracle等大数据工具程序代码实现。 任职资格1、熟练掌握主流数据库，Mysql、Oracle、SQL Server等，精通SQL语句； 2、熟悉大数据相关系统开发环境，掌握Hadoop、Hive、 Hbase、Storm、Spark等大数据工具的使用技术； 3、具有全日制普通高等院校本科(含)及以上学历，计算机、软件、数学、统计、通信、自动化、网络工程、信息安全、地理、等相关专业。 ,东方国信,互联网 游戏 软件,"股份制企业
",2000人以上, 学习机会 办公环境好 包工作餐 员工活动多 各种牛人 出差补贴 机器学习 ,北京,https://www.shixiseng.com/intern/inn_bcqhrbbxbe2y?pcm=pc_SearchList
2020校招-数据分析挖掘工程师, 工作职责,东方国信,互联网 游戏 软件,"股份制企业
",2000人以上, 学习机会 办公环境好 包工作餐 员工活动多 各种牛人 出差补贴 机器学习 ,北京,https://www.shixiseng.com/intern/inn_2k1fg6o1on5u?pcm=pc_SearchList
2020校招-数据开发工程师, 工作职责,东方国信,互联网 游戏 软件,"股份制企业
",2000人以上, 学习机会 办公环境好 包工作餐 员工活动多 各种牛人 出差补贴 机器学习 ,北京,https://www.shixiseng.com/intern/inn_3ax1juf4fcs2?pcm=pc_SearchList
网络安全研究实习生, 岗位职责： 1、协助安全研究员进行大数据、云计算、物联网、5G及网络安全材料收集及整理工作； 2、协助安全研究员准备会议演讲、项目答辩、技术交流等事项的材料准备工作（包括英文材料）； 3、协助安全研究员做实验验证、学术论文、研究报告的工作。 02 任职要求： 1、信息安全、网络安全、计算机相关专业优先； 2、了解安全技术发展趋势，关注网络安全新技术及应用； 3、有论文发表经历和科研项目经历优先； 4、英语六级水平优先。 ,安天移动安全,互联网 游戏 软件,"民营企业
",150-500人, 免费零食 班车 每天下午茶 优美环境 水果咖啡 ,武汉,https://www.shixiseng.com/intern/inn_clkjlpu1eglt?pcm=pc_SearchList
英语数据标注, 岗位职责： 1、接触人工智能最基础数据，充分理解数据标注的背景和要求，通过平台和工具语音数据进行标注转写等； 2、对英语语项目标注与审核，灵活掌握每个项目的标准规范； 3、协助完成项目的质检和交付，协助总结各项目的质检结果； 4、参与新项目的测试标注、配合规则培训师相关工作。 任职要求： 1、英语专6及专6以上； 2、认真、细心，能够对照规范，及时发现错误； 3、工作踏实努力，具备较强的学习理解能力和接受新事物的能力； 4、具有较强的责任感和抗压能力，良好的沟通能力及团队合作精神； 5、对AI行业充满热情、欢迎应届毕业生 ,繁星数据,互联网 游戏 软件,"民营企业
",15-50人, 人工智能 大数据 ,成都,https://www.shixiseng.com/intern/inn_un0as3uu9kjr?pcm=pc_SearchList
病毒分析实习生, 岗位职责：进行样本分析，撰写分析报告，并完成交付的其他任务。岗位要求：1、本科及以上学历，计算机技术，信息安全专业优先；2、对信息安全有强烈的兴趣和爱好；3、对常见的逆向工具有了解，对病毒机制有了解。 ,安天移动安全,互联网 游戏 软件,"民营企业
",150-500人, 免费零食 班车 每天下午茶 优美环境 水果咖啡 ,武汉,https://www.shixiseng.com/intern/inn_qlvp8wqo7qsj?pcm=pc_SearchList
实习数据分析师, 如果你，熟练掌握EXCEL、SQL、PPT； 如果你，拥有良好的沟通表达能力； 如果你，所学专业是数学、统计、经济学、商业分析、运筹学、管理学、信息科学或其他专业； 如果你对行为分析感兴趣，喜欢从数据中发现规律，想踏入大数据的门槛，那就加入数据分析师的行列吧！ ,阿里巴巴,互联网 游戏 软件,"民营企业
",2000人以上, 国际平台 用心学到很多 福利好 广阔的平台 有发展 能学习 靠谱 学习平台多 在梦想 ,杭州,https://www.shixiseng.com/intern/inn_205nkczxweri?pcm=pc_SearchList
医学数据分析师, 【岗位职责】1．理解业务需求，明确标注目标，运用工具对医学项目等数据进行整理和标注；2．对标注结果进行质量评估，发现关键问题，反馈标注结果，优化标注质量；3．优化标注工具和方法，完善标注工作流程和规范；4．与数据工程师等技术人员合作，高效、精准、按期完成各项数据集标注工作。【任职要求】1．本科及以上学历；2．02大学英语四级及以上，阅读能力优秀；3．02逻辑思维强，能够积极思考和改进数据处理技巧和方法；4．医学专业优先，对AI医疗行业有兴趣优先。 ,繁星数据,互联网 游戏 软件,"民营企业
",15-50人, 人工智能 大数据 ,成都,https://www.shixiseng.com/intern/inn_9eax32qjdtvt?pcm=pc_SearchList
地图大数据工程师, 1、负责项目后台逻辑的开发工作； 2、负责数据库结构的开发与维护；02 3、参与相关产品需求讨论与产品系统架构的设计和优化；02 4、具有一定的python基础，熟悉Tornado等主流框架 5、熟悉Mysql、Redis、Oracle等数据库；02 ,准望科技,互联网 游戏 软件,"民营企业
",15-50人, 项目实战 武大教授博士团队 合作伙伴型团队 时代前沿技术 ,武汉,https://www.shixiseng.com/intern/inn_q7fuy5jomglw?pcm=pc_SearchList
数据挖掘实习生, 岗位职责：1、根据项目经理或高级数据挖掘工程师要求独立完成项目的数据搜集和数据处理；2、理解数据挖掘模型及预测分析结果，撰写相关分析报告；3、根据各种用户信息进行挖掘，提供业务部门有效的数据支撑；4、对大量业务数据进行日志分析、挖掘分析用户行为与需求本质。岗位要求：1、研究生学历，具有一定的统计学、数据挖掘知识者优先；2、具备较好的项目运营、实施能力，具有较强的执行力和学习能力；3、至少熟悉一门脚本语言（R、Python等），熟悉java以及hadoop优先；4、有很强的事业心、责任感，良好敬业精神、团队精神与人际沟通能力。 ,安天移动安全,互联网 游戏 软件,"民营企业
",150-500人, 免费零食 班车 每天下午茶 优美环境 水果咖啡 ,武汉,https://www.shixiseng.com/intern/inn_anzfz8d4n7rl?pcm=pc_SearchList
英语数据标注实习生, 职位描述： 项目背景：参与人工智能英语语音数据处理项目 工作地点：不限，在线实习 工作要求：能熟练听写对应语言，英语专业大三及以上最佳 工作内容：检查语音识别的准确性。 工作时间：线上工作，一天在线时间需要在4小时及以上 入职时间：即刻入职 实习时间：英语2个月 工作待遇：60～120元天（按量计酬，多劳多得，具体面谈）表现优秀者，可提供实习证明 招聘流程：投递简历――人事初筛――部门复核（线上测试）――录用入职 ,独角鲸翻译工作室,互联网 游戏 软件,"民营企业
",少于15人, soho办公 自由 资深导师 开放创新 培训 很好的学习成长氛围 ,武汉,https://www.shixiseng.com/intern/inn_peytgwiv3j84?pcm=pc_SearchList
意大利语数据标注实习生, 项目背景：参与人工智能数据处理项目 工作地点：不限 工作要求：能熟练听写对应语言，专业大三及以上最佳 工作内容：检查语音识别的准确性。 工作时间：线上工作，一天在线时间需要在4小时及以上 入职时间：即刻入职 实习时间：意大利语2个月 工作待遇：100～200元天（按量计酬，多劳多得，具体面谈），工作负责，可提供实习证明 招聘流程：投递简历――人事初筛――部门复核（线上测试）――录用入职 ,独角鲸翻译工作室,互联网 游戏 软件,"民营企业
",少于15人, soho办公 自由 资深导师 开放创新 培训 很好的学习成长氛围 ,武汉,https://www.shixiseng.com/intern/inn_j5t9uwqdaxhd?pcm=pc_SearchList
数据分析师, 如果你，熟练掌握EXCEL、SQL、PPT； 如果你，拥有良好的沟通表达能力； 如果你，所学专业是数学、统计、经济学、商业分析、运筹学、管理学、信息科学或其他专业； 如果你对行为分析感兴趣，喜欢从数据中发现规律，想踏入大数据的门槛，那就加入数据分析师的行列吧！ ,阿里巴巴,互联网 游戏 软件,"民营企业
",2000人以上, 国际平台 用心学到很多 福利好 广阔的平台 有发展 能学习 靠谱 学习平台多 在梦想 ,杭州,https://www.shixiseng.com/intern/inn_al1r5actkl9o?pcm=pc_SearchList
法语翻译实习生, 项目背景：参与人工智能翻译数据处理项目 工作地点：不限 工作要求：拥有良好的法语水平以及中法互译功底，专业大三及以上最佳，有翻译经验的同学优先。 工作内容：检查机器翻译的结果，用于翻译机再学习，以此不断优化AI翻译效果。 工作时间：线上工作，一天在线时间需要在4小时及以上 入职时间：即刻入职 实习时间：法语2个月 工作待遇：80～150元天（按量计酬，多劳多得，具体面谈），工作负责，可提供实习证明 招聘流程：投递简历――人事初筛――部门复核（测试）――录用入职 ,独角鲸翻译工作室,互联网 游戏 软件,"民营企业
",少于15人, soho办公 自由 资深导师 开放创新 培训 很好的学习成长氛围 ,武汉,https://www.shixiseng.com/intern/inn_xvsmkfqdedri?pcm=pc_SearchList
影评师, 【工作内容】 02利用给出的电影简介 写类似影评的电影介绍，深入人心引发观看的欲望。 【任职要求】 1、有较强的学习能力，熟记相关规则； 2、具有较强的组织计划能力、协调能力及执行能力，善于团队合作； 3、影视或者文学相关专业，爱好看电影写影评； 4、大专及以上学历，工作经验不限，男女不限（可接受应届毕业生） ,繁星数据,互联网 游戏 软件,"民营企业
",15-50人, 人工智能 大数据 ,成都,https://www.shixiseng.com/intern/inn_sspt2n6cikgk?pcm=pc_SearchList
日语数据标注, 岗位职责： 1、接触人工智能最基础数据，充分理解数据标注的背景和要求，通过平台和工具对数据进行标注转写等； 2、对日语项目标注与审核，灵活掌握每个项目的标准规范； 3、协助完成项目的质检和交付，协助总结各项目的质检结果； 4、参与新项目的测试标注、配合规则培训师相关工作。 工作要求： 1、精通法语； 2、认真、细心，能够对照规范，及时发现错误； 3、工作踏实努力，具备较强的学习理解能力和接受新事物的能力； 4、具有较强的责任感和抗压能力，良好的沟通能力及团队合作精神； 5、对AI行业充满热情、欢迎应届毕业生 ,繁星数据,互联网 游戏 软件,"民营企业
",15-50人, 人工智能 大数据 ,成都,https://www.shixiseng.com/intern/inn_2gy2g1pm0nvw?pcm=pc_SearchList
数据分析员, 数据分析员 岗位职责： 1、02 协助研究中心进行客户的日常维护，从数据角度解决客户的一切需求。 2、02 参与项目分析方案、测量问题等方面的设计，从数据角度给出建议。 3、02 负责调研项目的具体工作： - 负责项目相关背景资料的查找及整理，进行项目的前期调研； - 负责系统平台问卷的编辑及测试，跟踪执行数据，保证数据的质量； - 负责对执行数据进行清洗，保证数据的准确性及有效性，并对有效数据进行数据统计及分析，形成数据报告。 整合公司内部现有执行数据，形成数据库，并进行日常维护。 任职要求： 1、02 统计学、数学等相关专业本科及以上学历，有相关实习经验者优先。 2、02 熟练运用SPSS统计软件，了解SAS/R语言/Python等软件。 3、02 能够熟练使用一种以上行业内数据处理软件（包含但不限于如下软件： QUANTUM/dimension/MRDCL）、拥有建模经验或软件开发能力者优先。 4、02 具备良好的逻辑思维和表达能力，可从不同视角分析数据、呈现数据。 5、02 沟通协调能力强，工作严谨，具有较强的责任感及团队协作精神。 6、0202工作积极主动，具有较强的学习能力，能承受一定的工作压力。 薪酬福利0202 【工作时间】：工作时间9：00-18：00，人性化管理，周末双休； 【薪酬体系】：公司根据岗位、能力和贡献为员工提供具有竞争力的薪资待遇，每年至少一次调薪机会； 【激励奖金】：优秀员工奖、项目奖金、年终奖等多重奖励；02 02 【五险一金】：为员工缴纳养老保险、生育保险、医疗保险、工伤保险、失业保险以及公积金； 【温馨假期】：法定假日、年假、婚假、产假、陪产假等各种福利带薪假； 【员工活动】：生日会、羽毛球、年度旅游、公司团建活动、节假日福利等；0202 【节日福利】：传统佳节的心意礼品，有情怀的节日红包；02 02 【健康福利】：每年提供员工免费健康体检一次；02 0202 【职业发展】：提供横、纵向的升职平台，专业及管理双通道的职业发展方向，绝对是能力的挖掘“家”。 ,恒诺市场研究,企业服务 咨询,"民营企业
",15-50人, 优秀实习环境 公司前景好 开放式管理 交通便利 生日节日福利 钱途无量 实习留用机制 能学到东西 员工聚餐旅游 毕业生接收 ,武汉,https://www.shixiseng.com/intern/inn_7qvgrbvelyvw?pcm=pc_SearchList
大数据开发工程师J10928, 工作职责： 1.参与部门产品设计与开发； 2.负责相关算法实现； 3.相关技术预研和维护。 任职资格： 1.计算机相关专业，大学本科及以上学历； 2.熟练使用Java语言，至少有一门脚本语言基础，编程基本功扎实； 3.熟悉Hadoop、Hbase、Spark、Storm等框架，有使用经验； 4.熟悉机器学习相关算法； 5.具备良好的沟通和协同工作能力。 工作地点： 北京、武汉、西安 ,天融信科技集团,互联网 游戏 软件,"民营企业
",2000人以上, 团建&amp;amp;amp;出国游 发展前景 ,北京,https://www.shixiseng.com/intern/inn_cpsp6dscm3fc?pcm=pc_SearchList
大数据开发工程师, 【岗位职责】 1.负责基于Hadoop平台的大数据仓库的数据开发工作； 2.负责Hadoop集群配置管理，集群日常维护，提供稳定的系统服务； 3.负责数据采集及预处理程序开发、维护，优化； 4.负责项目相关模块的设计、开发、测试文档的撰写。 【岗位要求】 1.统招本科及以上学历，2020年应届毕业，计算机、统计学、数学等相关专业； 2.扎实的数学基础，熟悉数理统计方法和常用数据挖掘算法原理； 3.具有良好的交流、理解能力； 4.有Python语言基础，熟悉numpy、pandas、sklearn、statsmodels、scipy等库、并有实践经验者优先； 5.熟练使用SQL，熟悉主流数据库； 6.熟悉Hadoop、Spark及其MLlib库优先。 ,高阳捷迅,互联网 游戏 软件,"民营企业
",150-500人, 央企 七险一金 福利补贴 健身房服务 周末双休 互联网电商 ,北京,https://www.shixiseng.com/intern/inn_3ihc1rntnr1v?pcm=pc_SearchList
大数据分析师, 【岗位职责】 1.对接业务部门数据分析需求，搭建数据分析模型，刻画业务现状、发现业务异动、聚焦原因、挖掘数据价值和规律，支撑业务优化提升； 2.调研了解业务部门大数据应用需求，编制PRD文档，开展数据挖掘算法研究和算法模型部署上线，协助数据挖掘成果应用落地； 3.参与各业务线高频数据分析报表及报告的自动化脚本、模板的设计和开发； 4.搭建公司经营决策层、业务运营侧、财务管控侧等面向不同职能部门需求的关键指标体系，协助开发各类指标报表平台； 5.梳理公司各业务线和产品数据获取现状，提出数据埋点需求，丰富有效数据资产。 【岗位要求】 1.统招本科及以上学历，2020年应届毕业，计算机、统计学、数学等相关专业； 2.扎实的数学基础，熟悉数理统计方法和常用数据挖掘算法原理； 3.具有良好的交流、理解能力； 4.有Python语言基础，熟悉numpy、pandas、sklearn、statsmodels、scipy等库、并有实践经验者优先； 5.熟练使用SQL，熟悉主流数据库； 6.熟悉Hadoop、Spark及其MLlib库优先。 ,高阳捷迅,互联网 游戏 软件,"民营企业
",150-500人, 央企 七险一金 福利补贴 健身房服务 周末双休 互联网电商 ,北京,https://www.shixiseng.com/intern/inn_2xjrz4xrokac?pcm=pc_SearchList
网站运营," 岗位职责： 1、市场调研工作：市场信息的搜集、整理、初步分析，寻找合适的产品概念，确定是否上传新品； 2、负责公司自有站点维护，对产品进行图片及文案构思，后提交美工设计页面；跟进采购报价确认产品信息细节，整理上传表等一系列新品工作；跟进推广部门做好新品推广，并根据推广同事反馈的搜索关键词优化产品页面； 3、跟进新产品上市后的市场反应，根据行业现状、市场需求以及客户使用反馈，对产品进行分析，确定网站产品改进方向和思路，提供优化建议，提高用户体验； 4、根据市场情况及客户询盘分析客户的方案需求，提供产品解决方案，通过设计产品专题页面来扩大该页面产品的流量与曝光度； 5、对产品销量进行监测分析，以及根据市场趋势及客户实际使用角度分析产品种类，确定相关产品精简方案，确保网站保存的产品具有差异性且能够满足大部分客户的需求； 6、定期分析后台销量库存数据，并给出补仓和调仓建议，确保产品持续稳定供应； 7、产品日常维护和上级领导交办的其他临时事项； 岗位要求： 1、本科及以上学历，英语专业要求过专四，非英语专业要求过6级，英文文字表达能力好； 2、具有较强的沟通协调能力，有积极主动的沟通意识； 3、思考问题全面，具有优秀的发现问题，总结问题，解决问题的能力； 4、具有较强的逻辑思维能力，独立思考能力和对比分析能力； 5、做事细心，有耐心，责任心强，有较强的团队合作精神； 一、公司介绍：02 深圳市宇轩网络技术有限公司（简称 宇轩网络）成立于 2009 年，专注于高速光通信领域 十年，一直秉持以品质为核心，以技术创新为驱动的理念，致力于为数据中心、企业和运营商提 供整体解决方案。 总部位于中国深圳，并在中国武汉，美国，德国，英国， 澳大利亚，新加坡， 日本设有子公司。现拥有近 1000 名海内外员工，数百位技术研发工程师，建有研发中心、品控 中心，获得超 350 个专利认证，服务全球 20 万+的企业级客户。 宇轩网络拥有网络平台, 提供高速光通信产品的在线服务，通 过自主研发、方案设计，为用户提供定制化的服务体验。拥有校园网、政府机关、企业园区、数 据中心等各行业的用户，其中包括联想、锐捷、中兴、微软，谷歌、戴尔、中科院等众多知名企 业。02 二、福利待遇：02 良好的办公环境，单纯的工作关系网，加入我们，将为您提供：02 1、五险一金；02 2、假期福利：国家法定节假日、带薪年假、病假、婚假、产假等假期，公司还提供额外特 殊节日假如圣诞节等；02 3、节日慰问：中秋节、春节等传统节日发放福利品，生日礼品等；02 4、各类奖金：年底双薪、内部推荐奖、全勤奖、年终购物卡等各种奖金； 5、文娱活动：丰富多类下午茶，生日会、年会等庆典活动；02 6、培训晋升：竞争力强的薪酬体系，完善的激励制度，晋升机会等；02 7、五天半工作制（9:30-18:30，工作时间 7.5 小时）；02 我们将员工前途和公司发展并重，不断提升员工薪资待遇和向上的职位发展空间，让每一位 员工都有归属感和荣誉感，不断突破向上，实现自我价值。公司现处于快速发展阶段，广纳贤才， 我们不需要很完美的你，只需要合适的你，快快加入我们吧！ 三、工作地点及乘车方式： 武汉市东湖新技术开发区光谷软件园 A7 栋 9-14 楼 18 楼（有轨电车、公交车站：关山大道关南 小区）02 武汉市东湖新技术开发区联想产业园南门 3 栋（公交站：高新四路光谷二路） ",宇轩网络,电子 通信 硬件,"民营企业
",500-2000人, 节日礼品 团队活动 薪资福利完善 空间无限大 饮料茶水间 环境高大上 有发展前景 高成长企业 轻松的工作环境 出国机会 ,湖北/武汉,https://www.shixiseng.com/intern/inn_q27glwlsebll?pcm=pc_SearchList
医学专业实习生, 你将收获 1. 知识：最前沿的技术，人工智能、大数据与医学的结合，通过大量医学文献阅读训练提升专业知识； 2. 眼界：团队中有生物医学博士、美国（TOP20）名校海归，直接指导开展工作。 3. 收入： 实习津贴150-240元/天 工作内容： 1. 为大数据、人工智能解决方案或产品提供医学专业支持，包括医学资料的查找、整理、归纳； 2. 负责对临床/文献等医学数据的挖掘及分析； 3. 负责对数据进行质量控制。02 实习要求： 1. 学历/专业：临床医学、药学、生物技术、流行病学或相关专业，研究生在读及以上学历； 2. 英文文献阅读能力佳。 3. 可远程实习 ,火石创造,互联网 游戏 软件,"民营企业
",150-500人, 火石学堂 和优秀的人在一起 学习和创造是我们的信仰 成长伙伴 个性福利 弹性工作制 ,,https://www.shixiseng.com/intern/inn_qr3abax5nzij?pcm=pc_SearchList
药学专业实习生, 你将收获 1. 知识：最前沿的技术，人工智能、大数据与医学的结合，通过接触大量医学文献提升专业知识； 2. 眼界：团队中有生物医学博士、美国（TOP20）名校海归，直接指导开展工作。 3. 收入： 实习津贴150-240元/天 工作内容： 1. 为大数据、人工智能解决方案或产品提供医学专业支持，包括医学资料的查找、整理、归纳； 2. 负责对临床/文献等医学数据的挖掘及分析； 3. 负责对数据进行质量控制。 实习要求： 1. 学历/专业：临床医学、药学、生物技术或相关专业，研究生在读及以上学历； 2. 英文文献阅读能力佳。 可远程实习 ,火石创造,互联网 游戏 软件,"民营企业
",150-500人, 火石学堂 和优秀的人在一起 学习和创造是我们的信仰 成长伙伴 个性福利 弹性工作制 ,,https://www.shixiseng.com/intern/inn_u8lfytwhzmvd?pcm=pc_SearchList
数据科学实习生, 职位描述： 6102 从事传统机器学习、自然语言处理或者计算机视觉相关领域的研究和应用工作； 6102 负责将具体场景的问题进行抽象，转化为数据科学问题； 任职要求： 1.02 硕士及以上学历，实习期间须为在校学生身份； 2.02 熟悉python/R/BI，有较好编程基础，熟悉至少一种数据科学相关的工具/库，如TensorFlow，scikit-learn等； 3.02 有扎实的应用数学基础和机器学习基础优先； 4. 有计算机视觉、图像、自然语言处理、推荐系统等研究或者应用经验优先，有大数据经验者优先； 5. 具有独立研究开放性问题的能力； 6. 每周3-5天，实习期3个月以上，可长期稳定实习者优先； 说明：该职位工作城市为北京、上海、广州、深圳 ,埃森哲,互联网 游戏 软件,"外资企业
",2000人以上, 世界五百强 卓越绩效 专业培训 精英多 完善晋升空间 商业医疗保险 最棒团队 ,全国,https://www.shixiseng.com/intern/inn_j34ozcntlsab?pcm=pc_SearchList
运维工程师-思特奇2020年校招, 岗位职责：1、参与产品/项目现场实施（上线，部署等）工作； 2、进行产品/项目技术咨询、故障及投诉的处理（问题定位和跟踪，bug修复等）； 3、参与自动化运维工具的编写及运营报告的整理与分析； 任职资格：1、正规全日制统招学历，学历学位学信网可查； 2、良好的学习能力和结构化系统思维能力； 3、良好的团队合作意识和工作责任心； 4、一定的创新思维和解决问题能力； 5、具备主动学习的意识和自我管理意识； 6、获得四、六级英语专业证书且在校成绩优秀； 模型算法方向的，学数学、西方哲学的小研究僧、小博士们，我们格外欢迎哟，不用担心不会编程，统统可以教！！！ ,思特奇,电子 通信 硬件,"民营企业
",2000人以上, 上市公司 转正机会 专业研发 车补餐补 ,成都,https://www.shixiseng.com/intern/inn_mkhiclg1vtda?pcm=pc_SearchList
大数据分析实习生, 岗位要求： 1、通过数据分析、数据挖掘等方法，为平台各分区运营及产品优化提供量化的运营支持和有效建议； 2、研究用户行为和观看消费习惯，为产品优化和运营决策提供数据支持，如用户画像、用户行为轨迹研究及预测等； 3、沉淀分析思路和框架，提炼规划相关数据产品，并推动数据产品的落地及实施；02 4、根据不同场景，设计指标体系和数据采集方案，及时监控发现异常，分析原因并提供建议和解决方案； 5、跟进模型的部署及效果反馈，进行迭代优化；对产出的分析报告建议和策略及时跟进，并推动落地。 任职资格 1、统计学、数学或计算机等相关专业本科及以上学历；02 2、熟悉相关挖掘算法，掌握主流数据分析方法；02 3、熟悉SQL语句，熟练使用Excel，PPT等；掌握Python、R等相关分析软件优先；02 4、具备严谨的逻辑思维能力，较强的动手实现能力，良好的沟通、团队协作能力；02 5、对未知领域有强烈好奇心，乐于尝试新鲜事务，对数据敏感，喜欢从数据中发现规律，解决问题。 ,斗鱼,互联网 游戏 软件,"民营企业
",500-2000人, 餐费补贴 弹性工时 水果零食 五险一金 专业培训 晋升空间 发展平台 有大牛 多种专业培训 每年体检 ,武汉,https://www.shixiseng.com/intern/inn_4kdlv22jnuer?pcm=pc_SearchList
BI项目实施," 岗位职责： 020202 具体工作内容在项目经理的安排下负责项目实施工作和基本的技术支持工作,并及时向相关的负责人汇报情况,推动需求或其他支持工作的落实，促进整个项目的持续发展。 任职要求： 1. 本科以上学历，计算机相关专业，计算机基础理论扎实； 2. 应届毕业生或在读大三学生； 3. 熟悉数据库知识基础，熟练使用SQL，了解数据仓库建模理论； 4. 具有优秀的数据分析能力及敏锐的数据洞察能力； 5. 具有良好的学习沟通、问题分析和团队合作能力。 ",亿信华辰,互联网 游戏 软件,"民营企业
",500-2000人, 补充商业保险 工作气氛好 过节福利 团队协作 信息技术 ,武汉,https://www.shixiseng.com/intern/inn_mcbsyjs3sdbw?pcm=pc_SearchList
项目实施工程师," 岗位职责： 020202 具体工作内容在项目经理的安排下负责项目实施工作和基本的技术支持工作,并及时向相关的负责人汇报情况,推动需求或其他支持工作的落实，促进整个项目的持续发展。 任职要求： 1. 本科以上学历，计算机相关专业，计算机基础理论扎实； 2. 应届毕业生或在读大三学生； 3. 熟悉数据库知识基础，熟练使用SQL，了解数据仓库建模理论； 4. 具有优秀的数据分析能力及敏锐的数据洞察能力； 5. 具有良好的学习沟通、问题分析和团队合作能力。 ",亿信华辰,互联网 游戏 软件,"民营企业
",500-2000人, 补充商业保险 工作气氛好 过节福利 团队协作 信息技术 ,武汉,https://www.shixiseng.com/intern/inn_blzg0rspi7nj?pcm=pc_SearchList
